City_ID,City,Lat,Lng,Max Temp,Humidity,Cloudiness,Wind Speed,Country,Date
0,san patricio,28.017,-97.5169,21.2,44,0,1.66,US,1707249185
1,st. john's,47.5649,-52.7093,0.93,97,100,15.95,CA,1707249118
2,keflavik,64.0049,-22.5624,-2.05,74,40,7.72,IS,1707249186
3,port-aux-francais,-49.35,70.2167,6.02,89,100,11.78,TF,1707249186
4,ribeira grande,38.5167,-28.7,17.1,94,75,13.89,PT,1707249186
5,jamestown,42.097,-79.2353,6.4,43,0,2.57,US,1707249063
6,jinsha,32.0898,121.0735,1.15,82,76,3.12,CN,1707249187
7,laojunmiao,39.8333,97.7333,-8.2,69,100,1.02,CN,1707249187
8,adamstown,-25.066,-130.1015,24.95,80,35,0.72,PN,1707249187
9,bamusso,4.4591,8.9027,26.98,81,100,1.55,CM,1707249187
10,klyuchi,52.2667,79.1667,-9.01,83,81,4.89,RU,1707249187
11,punta arenas,-53.15,-70.9167,18.01,55,0,8.23,CL,1707249090
12,namibe,-15.1961,12.1522,25.11,79,100,0.56,AO,1707249171
13,tidjikja,18.5564,-11.4271,24.08,9,6,5.13,MR,1707249188
14,edinburgh of the seven seas,-37.0676,-12.3116,17.09,69,26,3.43,SH,1707249065
15,longyearbyen,78.2186,15.6401,-10.09,67,75,8.75,SJ,1707249067
16,zeya,53.75,127.2667,-24.17,99,100,0.88,RU,1707249189
17,tura,25.5198,90.2201,13.88,90,0,0.81,IN,1707249189
18,west island,-12.1568,96.8225,26.99,83,40,2.57,CC,1707249189
19,grytviken,-54.2811,-36.5092,10.42,54,3,2.04,GS,1707249125
20,invercargill,-46.4,168.35,12.79,95,76,4.02,NZ,1707249189
21,kendari,-3.945,122.4989,24.46,93,97,1.11,ID,1707249190
22,papatowai,-46.5619,169.4708,12.22,91,93,3.83,NZ,1707249126
23,marsa alam,25.0757,34.8918,18.29,61,0,6.09,EG,1707249190
24,sadovoye,47.7764,44.5089,-0.58,77,15,8.17,RU,1707249190
25,pocoes,-14.5297,-40.3653,26.74,59,80,2.81,BR,1707249191
26,aral,40.5156,81.2636,-2.02,55,13,1.33,CN,1707249191
27,blackmans bay,-43.0167,147.3167,12.07,82,97,2.05,AU,1707249191
28,kitimat,54.0524,-128.6534,0.51,76,100,1.34,CA,1707249191
29,tiksi,71.6872,128.8694,-23.78,98,99,2.67,RU,1707249191
30,uturoa,-16.7333,-151.4333,28.15,85,100,9.9,PF,1707249192
31,balabac,7.9868,117.0645,26.04,84,11,4.26,PH,1707249192
32,bredasdorp,-34.5322,20.0403,22.17,61,14,7.09,ZA,1707249069
33,bhabhua,25.05,83.6167,13.0,64,3,2.7,IN,1707249192
34,bethel,41.3712,-73.414,6.08,49,0,2.57,US,1707249089
35,walvis bay,-22.9575,14.5053,21.53,78,94,3.09,NA,1707249171
36,weno,7.4515,151.8468,26.97,69,75,5.66,FM,1707249193
37,jiamusi,46.8333,130.35,-22.75,99,33,2.78,CN,1707249193
38,hermanus,-34.4187,19.2345,19.89,77,70,7.29,ZA,1707249123
39,lazaro cardenas,17.9583,-102.2,28.88,58,11,3.79,MX,1707249194
40,waitangi,-43.9535,-176.5597,18.23,91,100,2.24,NZ,1707249056
41,taro,-8.3862,115.28,23.0,92,99,0.65,ID,1707249194
42,iqaluit,63.7506,-68.5145,-10.15,66,75,8.23,CA,1707249194
43,crane,31.3974,-102.3501,17.54,34,100,8.61,US,1707249195
44,rupert,42.6191,-113.6772,8.99,76,100,1.54,US,1707249195
45,ruteng,-8.6136,120.4721,16.51,88,70,0.35,ID,1707249195
46,luena,-11.7833,19.9167,20.1,94,19,1.54,AO,1707249195
47,polyarnyy,69.1989,33.4478,-17.89,99,90,5.03,RU,1707249195
48,asosa,10.0667,34.5333,20.05,31,45,2.23,ET,1707249196
49,hovd,48.0056,91.6419,-21.06,96,40,0.6,MN,1707249196
50,rio grande,-32.035,-52.0986,29.06,68,81,6.24,BR,1707249196
51,qaqortoq,60.7167,-46.0333,-16.17,61,0,3.98,GL,1707249196
52,shingu,33.7333,135.9833,3.29,74,100,2.4,JP,1707249197
53,happy valley-goose bay,53.3168,-60.3315,-8.83,57,20,1.54,CA,1707249147
54,at taj,24.2049,23.2857,12.23,36,4,3.58,LY,1707249197
55,la passe,45.5549,-0.8967,10.55,91,100,4.28,FR,1707249127
56,albany,42.6001,-73.9662,4.03,56,6,0.45,US,1707249197
57,nar'yan-mar,67.6713,53.087,-27.72,99,97,1.34,RU,1707249087
58,khanty-mansiysk,61.0042,69.0019,-0.94,100,75,4.02,RU,1707249198
59,hithadhoo,-0.6,73.0833,28.2,77,94,3.07,MV,1707249198
60,st. thomas,42.7736,-81.1804,4.85,55,50,2.03,CA,1707249198
61,palmer,42.1584,-72.3287,4.86,45,20,4.63,US,1707249133
62,nova sintra,14.8667,-24.7167,21.14,72,0,3.9,CV,1707249199
63,olinda,-8.0089,-34.8553,30.85,66,20,4.63,BR,1707249199
64,wailua homesteads,22.0669,-159.378,22.64,72,75,8.23,US,1707249133
65,illizi,26.4833,8.4667,15.89,24,53,5.92,DZ,1707249199
66,afaahiti,-17.75,-149.2833,27.93,86,100,8.65,PF,1707249199
67,la oliva,28.6105,-13.9291,18.66,73,0,4.63,ES,1707249200
68,olonkinbyen,70.9221,-8.7187,-1.5,83,42,8.99,SJ,1707249200
69,avarua,-21.2078,-159.775,29.03,74,75,5.14,CK,1707249200
70,dudinka,69.4058,86.1778,-19.62,87,100,3.58,RU,1707249200
71,anadyr,64.75,177.4833,-24.72,83,40,6.0,RU,1707249201
72,liberal,37.0431,-100.921,17.58,39,0,10.8,US,1707249201
73,burang,30.25,81.1667,-17.56,62,28,0.72,CN,1707249201
74,okha,53.5739,142.9478,-22.8,99,75,4.6,RU,1707249201
75,ushuaia,-54.8,-68.3,18.79,44,0,2.57,AR,1707249202
76,ngawi,-7.4038,111.4461,23.6,97,100,1.24,ID,1707249202
77,yellowknife,62.456,-114.3525,-18.1,92,100,5.66,CA,1707249202
78,al khawr,25.7667,51.3167,16.03,54,0,4.93,QA,1707249202
79,chichibu,35.9903,139.0764,0.25,99,77,1.69,JP,1707249203
80,quzhou,28.9594,118.8686,1.22,99,100,2.25,CN,1707249203
81,aioi,34.8036,134.4681,2.97,81,26,2.35,JP,1707249203
82,tofol,5.3248,163.0078,27.85,77,100,7.15,FM,1707249172
83,haiku-pauwela,20.9219,-156.3051,22.92,69,20,8.23,US,1707249146
84,colonia,50.9333,6.95,11.65,74,20,7.72,DE,1707249204
85,tres arroyos,-38.3739,-60.2798,41.13,18,23,5.35,AR,1707249204
86,kayangel,8.0823,134.7173,27.35,77,100,9.27,PW,1707249204
87,el jadid,33.2549,-8.506,15.47,79,0,4.73,MA,1707249204
88,murghob,38.1702,73.9667,-22.56,79,13,2.78,TJ,1707249205
89,petropavlovsk-kamchatsky,53.0452,158.6483,-9.67,84,75,3.0,RU,1707249205
90,tuba city,36.135,-111.2399,10.77,54,80,6.26,US,1707249205
91,port mathurin,-19.6833,63.4167,27.17,69,70,8.32,MU,1707249126
92,lodeve,43.7167,3.3167,7.79,84,100,3.6,FR,1707249206
93,hawaiian paradise park,19.5933,-154.9731,22.8,89,100,4.63,US,1707249206
94,ancud,-41.8697,-73.8203,16.37,97,100,9.08,CL,1707249206
95,karczew,52.0766,21.2496,9.49,80,100,10.66,PL,1707249206
96,bilibino,68.0546,166.4372,-34.95,100,100,0.68,RU,1707249206
97,arraial do cabo,-22.9661,-42.0278,29.98,74,20,4.63,BR,1707249207
98,tazacorte,28.629,-17.9293,20.08,49,0,2.68,ES,1707249207
99,nemuro,43.3236,145.575,-8.18,73,13,1.91,JP,1707249207
100,thompson,55.7435,-97.8558,-18.91,65,40,4.63,CA,1707249207
101,bibir hat,22.6873,91.7853,18.43,86,2,0.93,BD,1707249208
102,alaghsas,17.0187,8.0168,18.21,19,97,7.24,NE,1707249208
103,whakatane,-37.9585,176.9854,20.43,94,22,0.51,NZ,1707249183
104,phan rang-thap cham,11.5667,108.9833,22.89,86,98,2.24,VN,1707249208
105,kodiak,57.79,-152.4072,-6.27,93,0,2.57,US,1707249208
106,isafjordur,66.0755,-23.124,-3.01,91,100,10.01,IS,1707249209
107,road town,18.4167,-64.6167,28.05,83,75,6.69,VG,1707249209
108,pathein,16.7833,94.7333,22.58,67,0,4.51,MM,1707249074
109,constantia,44.1833,28.65,8.38,58,48,5.64,RO,1707248989
110,buala,-8.145,159.5921,27.09,85,67,4.04,SB,1707249209
111,atafu village,-8.5421,-172.5159,28.95,77,100,11.83,TK,1707249032
112,peace river,56.2501,-117.286,-5.83,68,75,2.06,CA,1707249210
113,chernyshevskiy,63.0128,112.4714,-27.36,100,84,1.47,RU,1707249210
114,kone,-21.0595,164.8658,25.38,90,100,2.4,NC,1707249210
115,saldanha,-33.0117,17.9442,21.03,95,35,3.42,ZA,1707249070
116,salekhard,66.53,66.6019,-22.89,100,100,1.1,RU,1707249210
117,port alfred,-33.5906,26.891,23.13,91,96,4.19,ZA,1707249211
118,bismarck,46.8083,-100.7837,1.91,93,100,3.09,US,1707249118
119,rio de janeiro,-22.9028,-43.2075,31.97,63,20,8.23,BR,1707248781
120,lakatoro,-16.0999,167.4164,27.66,79,87,1.27,VU,1707249211
121,remire-montjoly,4.9167,-52.2667,26.02,94,75,2.06,GF,1707249188
122,hami,42.8,93.45,-4.31,54,1,2.69,CN,1707249171
123,diego de almagro,-26.3667,-70.05,30.47,28,0,8.15,CL,1707249212
124,pan de azucar,-34.8,-55.2333,29.95,58,75,6.17,UY,1707249212
125,sao vicente,-23.9631,-46.3919,33.1,57,75,2.68,BR,1707249212
126,jingzhou,30.3503,112.1903,-3.02,96,86,1.66,CN,1707249213
127,hammerfest,70.6634,23.6821,-4.75,68,75,4.12,NO,1707249213
128,togur,58.3631,82.8265,-4.36,94,97,4.02,RU,1707249213
129,margaret river,-33.95,115.0667,16.14,66,0,5.34,AU,1707249102
130,ilulissat,69.2167,-51.1,-12.99,43,75,8.23,GL,1707249213
131,pisco,-13.7,-76.2167,31.03,48,0,10.29,PE,1707249105
132,kakata,6.53,-10.3517,29.49,81,0,2.26,LR,1707249214
133,inirida,3.8653,-67.9239,29.9,66,100,1.13,CO,1707249214
134,bereznik,62.8551,42.7072,-23.71,100,97,0.28,RU,1707249214
135,iskushuban,10.2837,50.23,22.2,82,0,4.51,SO,1707249214
136,nogliki,51.8333,143.1667,-22.59,99,97,2.68,RU,1707249215
137,yangchun,22.1667,111.7833,16.33,91,100,2.55,CN,1707249215
138,ubinskoye,55.3068,79.6802,-11.54,93,83,3.55,RU,1707249215
139,alice springs,-23.7,133.8833,21.79,73,82,6.17,AU,1707249152
140,tazovsky,67.4667,78.7,-13.75,95,100,4.49,RU,1707249154
141,enewetak,11.3474,162.3373,26.47,81,54,7.55,MH,1707249216
142,molchanovo,57.5817,83.7692,-10.21,96,82,2.32,RU,1707249216
143,bengkulu,-3.8004,102.2655,24.04,89,100,2.2,ID,1707249154
144,bonny,4.4522,7.1681,27.88,75,78,4.91,NG,1707249216
145,port elizabeth,-33.918,25.5701,22.83,92,40,6.69,ZA,1707249216
146,mariental,-24.6333,17.9667,32.33,23,100,1.42,NA,1707249217
147,pokhara,28.2333,83.9833,11.23,53,47,1.72,NP,1707249124
148,iskateley,67.6803,53.1512,-27.77,99,97,1.34,RU,1707249150
149,fada,9.5667,8.3,25.12,18,100,3.72,NG,1707249217
150,bardai,11.65,7.2333,20.54,19,82,4.71,NG,1707249218
151,siwa oasis,29.2041,25.5195,15.29,50,0,2.01,EG,1707249218
152,mioveni,44.9566,24.9378,9.75,69,24,2.09,RO,1707249218
153,vodnyy,63.5046,53.4095,-25.88,100,100,0.89,RU,1707249218
154,lebu,-37.6167,-73.65,20.02,82,66,2.88,CL,1707249219
155,kuraymah,18.55,31.85,15.59,21,48,5.93,SD,1707249219
156,bagan serai,5.0108,100.541,27.01,100,53,1.52,MY,1707249219
157,sabang,5.8933,95.3214,27.47,79,100,5.91,ID,1707249219
158,kourou,5.1552,-52.6478,26.03,87,82,4.72,GF,1707249219
159,san antonio de pale,-1.4014,5.6325,28.37,77,38,1.08,GQ,1707249220
160,stanley,54.868,-1.6985,4.77,74,20,4.63,GB,1707249075
161,kristiansund,63.1115,7.732,-6.64,79,0,0.51,NO,1707249220
162,girua,-28.0283,-54.3497,35.27,57,99,4.04,BR,1707249220
163,sandnessjoen,66.0217,12.6316,-5.88,79,75,4.12,NO,1707249220
164,marka,1.7159,44.7717,26.43,89,100,6.99,SO,1707249221
165,aldinga beach,-35.2793,138.4604,15.25,85,2,2.81,AU,1707249221
166,daru,-9.0763,143.2092,25.56,92,100,3.62,PG,1707249221
167,dinar,38.065,30.1656,3.98,51,13,1.55,TR,1707249221
168,santa cruz,-17.8,-63.1667,35.03,46,20,7.2,BO,1707249121
169,antsiranana,-12.2787,49.2917,24.47,95,100,2.26,MG,1707249222
170,winnemucca,40.973,-117.7357,2.03,93,100,2.06,US,1707249222
171,woolgoolga,-30.1106,153.2007,22.25,92,96,9.09,AU,1707249222
172,puerto natales,-51.7236,-72.4875,20.25,34,75,4.63,CL,1707249222
173,el campo,29.1966,-96.2697,22.16,32,0,1.54,US,1707249222
174,umba,66.6871,34.3429,-17.31,98,100,2.17,RU,1707249223
175,naze,28.3667,129.4833,13.51,78,100,4.21,JP,1707249223
176,bayanhongor,46.7167,100.1167,-26.53,71,13,1.7,MN,1707249223
177,vila franca do campo,37.7167,-25.4333,18.27,99,100,8.24,PT,1707249223
178,saipan,15.1355,145.701,24.39,73,40,3.6,MP,1707249223
179,talnakh,69.4865,88.3972,-24.36,88,100,3.18,RU,1707249224
180,lorengau,-2.0226,147.2712,27.49,84,100,6.53,PG,1707249224
181,margate,51.3813,1.3862,12.28,81,100,7.6,GB,1707249224
182,lere,10.387,8.5726,23.49,21,100,3.7,NG,1707249224
183,vilyuysk,63.7553,121.6247,-29.44,100,100,0.45,RU,1707249224
184,ceeldheer,3.8488,47.1806,26.12,85,99,7.64,SO,1707249225
185,chadron,42.8294,-102.9999,13.97,49,0,2.68,US,1707249225
186,teocelo,19.3833,-96.9667,20.33,48,0,3.11,MX,1707249225
187,fortaleza,-3.7227,-38.5247,31.07,66,75,8.75,BR,1707248956
188,villa huidobro,-34.8383,-64.5869,41.99,19,9,7.34,AR,1707249226
189,swift current,50.2834,-107.8014,-2.55,100,100,4.63,CA,1707249226
190,maamba,-17.3667,27.15,24.16,69,77,1.86,ZM,1707249226
191,ad dawadimi,24.5077,44.3924,10.64,34,0,4.59,SA,1707249015
192,dunedin,-45.8742,170.5036,13.78,99,100,4.02,NZ,1707248932
193,sao joao da barra,-21.6403,-41.0511,30.05,83,99,3.34,BR,1707249226
194,college,64.8569,-147.8028,-17.74,80,75,1.54,US,1707249061
195,nema,57.5067,50.5011,-4.41,97,100,3.08,RU,1707249231
196,benguela,-12.5763,13.4055,27.29,76,82,0.62,AO,1707249231
197,alta,69.9689,23.2717,-15.41,78,75,1.54,NO,1707249231
198,hamilton,39.1834,-84.5333,9.22,60,0,2.06,US,1707248814
199,rajaori,33.3833,74.3,4.45,51,0,2.95,IN,1707249231
200,merritt,50.1123,-120.7942,1.29,81,100,0.89,CA,1707249232
201,ust-nera,64.5667,143.2,-32.87,88,99,0.3,RU,1707249121
202,beyneu,45.3167,55.2,-0.03,76,20,11.62,KZ,1707249232
203,east london,-33.0153,27.9116,24.22,85,100,8.44,ZA,1707249151
204,sake,-1.5736,29.045,17.42,88,53,0.35,CD,1707249237
205,baran,25.1,76.5167,15.69,51,90,3.11,IN,1707249237
206,vozhega,60.4725,40.2213,-27.7,100,50,1.25,RU,1707249237
207,kili,5.6439,169.1211,27.54,79,75,7.05,MH,1707249237
208,porto novo,6.4965,2.6036,28.9,64,6,2.26,BJ,1707249237
209,dzuunharaa,48.8523,106.4579,-21.01,99,74,1.3,MN,1707249238
210,dabakala,8.3667,-4.4333,28.92,16,0,1.76,CI,1707249238
211,al karamah,31.9522,35.5792,17.21,78,1,0.42,JO,1707249238
212,fortuna,40.5982,-124.1573,10.52,88,100,4.63,US,1707249238
213,mejit,10.2753,170.8646,26.83,79,74,7.74,MH,1707249239
214,nenjiang,49.1833,125.2167,-25.64,100,46,0.8,CN,1707249239
215,lihue,21.9789,-159.3672,22.98,72,75,8.23,US,1707249053
216,mahibadhoo,3.7833,72.9667,28.11,77,100,6.05,MV,1707249239
217,sovetskaya gavan',48.9723,140.2878,-18.27,90,13,2.22,RU,1707249239
218,georgetown,5.4112,100.3354,26.97,89,20,1.54,MY,1707249084
219,hun,29.1268,15.9477,14.13,33,0,1.34,LY,1707249245
220,susuman,62.7833,148.1667,-33.34,99,99,1.34,RU,1707249245
221,saint-pierre,-21.3393,55.4781,22.82,73,0,3.09,RE,1707249246
222,fale old settlement,-9.3852,-171.2468,29.24,75,100,11.49,TK,1707249186
223,buka,40.8108,69.1986,8.6,32,100,3.24,UZ,1707249246
224,katsuura,35.1333,140.3,6.07,74,94,6.54,JP,1707249246
225,deder,9.3167,41.45,15.13,64,7,2.66,ET,1707249246
226,nouadhibou,20.931,-17.0347,23.99,41,49,5.14,MR,1707249247
227,mount pearl,47.5166,-52.7813,0.47,97,100,15.95,CA,1707249247
228,ad dabbah,18.05,30.95,15.84,21,90,5.73,SD,1707249247
229,aasiaat,68.7098,-52.8699,-18.12,76,100,5.92,GL,1707249247
230,williamsburg,37.2707,-76.7075,8.03,44,20,4.47,US,1707249022
231,ma'an,26.9775,110.7211,-0.26,97,100,1.21,CN,1707249248
232,nuuk,64.1835,-51.7216,-8.66,67,40,2.57,GL,1707249120
233,coquimbo,-29.9533,-71.3436,22.85,68,0,6.69,CL,1707249197
234,san julian,21.0167,-102.1667,22.93,10,0,2.15,MX,1707249248
235,port lincoln,-34.7333,135.8667,15.67,80,6,3.4,AU,1707249155
236,carnarvon,-24.8667,113.6333,29.14,35,5,7.78,AU,1707249140
237,yilan,24.757,121.753,16.98,95,100,1.33,TW,1707249249
238,barlad,46.2333,27.6667,11.52,53,100,2.63,RO,1707249249
239,slyudyanka,51.6594,103.7061,-12.67,88,17,2.27,RU,1707249249
240,isangel,-19.55,169.2667,24.06,100,75,0.0,VU,1707249250
241,jinchang,38.4953,102.1739,-9.85,89,82,1.12,CN,1707249250
242,pierre,44.3683,-100.351,10.48,70,0,2.68,US,1707249250
243,sihanoukville,10.6093,103.5296,24.97,88,40,1.03,KH,1707249250
244,utrik,11.2278,169.8474,26.29,81,100,7.39,MH,1707249150
245,flying fish cove,-10.4217,105.6791,22.82,100,40,1.54,CX,1707249217
246,banda aceh,5.5577,95.3222,25.08,88,98,4.47,ID,1707249251
247,adjumani,3.3779,31.7909,28.15,41,98,1.01,UG,1707249251
248,udachny,66.4167,112.4,-29.2,82,94,1.94,RU,1707249251
249,betio village,1.358,172.9211,29.02,77,96,4.72,KI,1707249251
250,maragogi,-9.0122,-35.2225,28.39,71,82,5.0,BR,1707249184
251,lerwick,60.1545,-1.1494,1.0,62,100,10.47,GB,1707249252
252,minas,-34.3759,-55.2377,36.37,28,63,3.86,UY,1707249252
253,muisne,0.6,-80.0333,28.11,76,97,3.95,EC,1707249252
254,lospalos,-8.5186,127.0025,22.76,96,100,1.93,TL,1707249252
255,castillos,-34.1667,-53.8333,25.24,60,0,6.62,UY,1707249253
256,kahramanmaras,38.0,37.0,2.12,79,0,2.19,TR,1707249253
257,dibba al-hisn,25.6196,56.2729,16.1,52,0,6.04,AE,1707249253
258,sepatan,-6.1189,106.575,24.53,94,20,2.06,ID,1707249253
259,cabo san lucas,22.8909,-109.9124,28.67,64,81,0.89,MX,1707248877
260,cockburn town,21.4612,-71.1419,25.19,76,0,13.83,TC,1707249150
261,constitucion,-35.3333,-72.4167,22.5,68,40,6.28,CL,1707249254
262,lewistown,40.5992,-77.5714,7.71,66,0,0.0,US,1707249254
263,maintirano,-18.0667,44.0167,27.03,85,99,3.21,MG,1707249254
264,bokhan,53.153,103.7714,-20.92,100,38,1.42,RU,1707249254
265,shubarkuduk,49.1447,56.4872,-4.86,93,100,14.42,KZ,1707249255
266,tongzhou,39.9053,116.5994,-4.94,50,0,4.0,CN,1707249255
267,archangelos,36.2149,28.1149,14.62,83,0,1.92,GR,1707249255
268,vorkuta,67.5,64.0,-23.49,97,100,2.02,RU,1707249255
269,kirakira,-10.4544,161.9205,26.94,84,50,2.99,SB,1707249256
270,tezu,27.9167,96.1667,13.16,89,100,2.15,IN,1707249256
271,howard springs,-12.497,131.047,27.95,96,46,2.35,AU,1707249256
272,fort st. john,56.2499,-120.8529,-8.06,79,75,4.63,CA,1707249256
273,severo-yeniseyskiy,60.3725,93.0408,-5.79,89,100,4.47,RU,1707249256
274,puerto ayora,-0.7393,-90.3518,28.98,79,68,4.9,EC,1707249257
275,grand-lahou,5.1367,-5.0242,28.1,74,1,4.47,CI,1707249257
276,waddan,29.1614,16.139,14.2,33,1,1.7,LY,1707249257
277,energetik,51.7445,58.7934,-0.01,96,100,8.03,RU,1707249257
278,chibougamau,49.9168,-74.3659,-4.21,58,75,3.09,CA,1707249258
279,kyshtovka,56.555,76.6271,-6.48,93,99,3.58,RU,1707249258
280,kingston,17.997,-76.7936,28.53,56,40,8.23,JM,1707249112
281,campo mourao,-24.0456,-52.3831,31.6,40,100,1.49,BR,1707249258
282,itaituba,-4.2761,-55.9836,33.09,62,40,2.57,BR,1707249258
283,mitchell,43.7094,-98.0298,9.99,76,0,5.14,US,1707249259
284,minzhu,43.7286,127.3447,-23.27,100,47,0.75,CN,1707249259
285,revda,56.801,59.9303,-1.13,94,100,5.41,RU,1707249259
286,raton,36.9034,-104.4391,13.19,37,0,2.57,US,1707249259
287,silsbee,30.3491,-94.178,20.86,39,0,0.89,US,1707249260
288,hirara,24.8,125.2833,17.92,88,100,2.06,JP,1707249260
289,abaete,-19.16,-45.4458,28.62,51,78,0.66,BR,1707249234
290,yanchep,-31.55,115.6833,22.07,35,1,6.44,AU,1707249261
291,kavalerovo,44.2661,135.0572,-15.89,97,11,2.24,RU,1707249261
292,popondetta,-8.7537,148.2534,23.5,97,100,1.2,PG,1707249261
293,nova xavantina,-14.6667,-52.35,32.17,50,48,0.86,BR,1707249261
294,boende,-0.2167,20.8667,26.47,55,45,0.63,CD,1707249262
295,dalandzadgad,43.5708,104.425,-15.46,79,4,0.75,MN,1707249262
296,tibati,6.4667,12.6333,24.49,19,51,3.79,CM,1707249262
297,acarau,-2.8856,-40.12,29.26,71,99,8.29,BR,1707249262
298,summerside,46.3959,-63.7876,-1.29,100,100,8.23,CA,1707249263
299,ponta delgada,37.7333,-25.6667,18.44,94,75,7.72,PT,1707249263
300,portland,45.5234,-122.6762,10.25,91,75,1.34,US,1707248522
301,birjand,32.8663,59.2211,-0.74,24,0,3.09,IR,1707249263
302,muncar,-8.4333,114.3333,23.93,93,96,1.08,ID,1707249263
303,san pedro,14.35,121.0167,25.66,81,20,2.24,PH,1707249264
304,pontevedra,42.431,-8.6444,13.75,95,95,1.88,ES,1707249264
305,ar ruways,24.1103,52.7306,18.21,54,17,6.78,AE,1707249264
306,ganganagar,29.9167,73.8833,9.38,45,11,2.99,IN,1707249264
307,vadso,70.0744,29.7487,-7.91,93,75,6.69,NO,1707249265
308,morant bay,17.8815,-76.4093,28.79,65,50,8.14,JM,1707249265
309,mount gambier,-37.8333,140.7667,11.45,91,34,0.51,AU,1707249265
310,nagqu,31.5,92.0,-11.58,26,5,1.05,CN,1707249265
311,vorgashor,67.5833,63.95,-22.65,97,100,2.17,RU,1707249161
312,fisterra,42.9049,-9.2629,13.75,91,99,8.23,ES,1707249266
313,gadzhiyevo,69.2551,33.3362,-18.51,100,95,4.97,RU,1707249266
314,codrington,-38.2667,141.9667,11.51,89,26,1.49,AU,1707249133
315,warwick,41.7001,-71.4162,4.4,62,40,10.29,US,1707249266
316,minot air force base,48.4209,-101.3391,3.1,90,100,3.6,US,1707249267
317,whitehorse,60.7161,-135.0538,-17.57,85,100,3.09,CA,1707248848
318,arris,35.2588,6.3471,6.53,49,100,2.92,DZ,1707249267
319,puerto baquerizo moreno,-0.9,-89.6,29.55,70,75,6.17,EC,1707249267
320,north bend,43.4065,-124.2243,10.04,93,100,2.06,US,1707249267
321,kerikeri,-35.2268,173.9474,17.17,93,10,0.45,NZ,1707249268
322,zagora,30.3484,-5.8365,13.78,24,100,1.62,MA,1707249268
323,qarauyl,48.9451,79.255,-7.03,73,65,4.41,KZ,1707249268
324,port hedland,-20.3167,118.5667,27.03,83,10,2.57,AU,1707249268
325,san borja,-14.8167,-66.85,32.68,54,59,0.68,BO,1707249268
326,rovaniemi,66.5,25.7167,-20.33,84,100,2.06,FI,1707249269
327,karratha,-20.7377,116.8463,26.9,68,44,0.13,AU,1707249269
328,formosa,-26.1775,-58.1781,36.65,47,75,2.06,AR,1707249269
329,lucapa,-8.4192,20.7447,17.93,98,87,0.61,AO,1707249269
330,lajedo,-8.6636,-36.32,29.45,42,98,6.52,BR,1707249270
331,arquitecto tomas romero pereira,-26.4833,-55.25,33.06,35,100,2.86,PY,1707249270
332,petnjica,42.9092,19.9638,4.03,93,97,2.42,ME,1707249270
333,ola,59.5833,151.2833,-22.33,85,98,4.0,RU,1707249270
334,takoradi,4.8845,-1.7554,26.46,80,77,3.9,GH,1707249270
335,imbituba,-28.24,-48.6703,27.7,90,100,3.44,BR,1707249271
336,birsk,55.4211,55.5428,-0.48,98,100,5.66,RU,1707249271
337,banes,20.9625,-75.7186,26.39,40,16,7.99,CU,1707249271
338,onega,63.9061,38.1404,-26.58,100,71,1.41,RU,1707249271
339,bubaque,11.2833,-15.8333,26.62,75,0,7.08,GW,1707249271
340,taroa,8.7058,171.2275,27.18,74,100,8.79,MH,1707249198
341,kodinsk,58.6881,99.1844,-10.87,96,100,1.62,RU,1707249272
342,greymouth,-42.4667,171.2,15.7,82,72,1.33,NZ,1707249272
343,wauchope,-31.45,152.7333,20.54,97,100,2.42,AU,1707249272
344,mbaiki,3.8678,17.9892,25.13,33,49,0.6,CF,1707249272
345,touros,-5.1989,-35.4608,28.43,72,100,6.22,BR,1707249198
346,inhambane,-23.865,35.3833,25.0,88,20,3.6,MZ,1707249273
347,boa vista,2.8197,-60.6733,35.99,36,75,6.69,BR,1707249066
348,sisimiut,66.9395,-53.6735,-10.24,69,100,8.28,GL,1707249273
349,bodrum,37.0383,27.4292,15.71,83,5,2.81,TR,1707249014
350,tamanrasset,22.785,5.5228,13.95,11,0,2.57,DZ,1707249274
351,hotan,37.0997,79.9269,-3.85,76,8,1.49,CN,1707249274
352,al 'aziziyah,32.9058,45.0616,14.24,53,18,3.63,IQ,1707249274
353,bel ombre,-4.6167,55.4167,27.91,74,20,1.54,SC,1707249274
354,ciudad bolivar,8.1222,-63.5497,39.25,25,46,2.55,VE,1707249275
355,kenai,60.5544,-151.2583,-8.97,92,75,1.54,US,1707249128
356,taiyuan,37.8694,112.5603,-6.08,63,0,2.0,CN,1707249275
357,hadibu,12.65,54.0333,24.76,72,5,3.79,YE,1707249275
358,waingapu,-9.6567,120.2641,25.45,83,73,2.55,ID,1707249275
359,san carlos del zulia,9.0,-71.9135,33.75,51,21,2.3,VE,1707249276
360,suwayr,30.1171,40.3893,10.52,56,16,3.4,SA,1707249276
361,kapa'a,22.0752,-159.319,23.39,72,75,8.23,US,1707249135
362,sitka,57.0531,-135.33,1.94,93,75,0.0,US,1707249276
363,piacabucu,-10.4056,-36.4344,28.63,68,88,4.92,BR,1707249177
364,osterburg,52.7833,11.7667,11.18,94,100,12.21,DE,1707249276
365,san benito,36.6166,-121.0844,8.65,69,76,1.75,US,1707249277
366,port saint john's,-31.6229,29.5448,23.59,90,40,6.53,ZA,1707249277
367,eyl,7.9803,49.8164,24.75,77,2,6.68,SO,1707249277
368,katsuren-haebaru,26.3369,127.8719,19.43,74,100,0.0,JP,1707249277
369,black river,18.0264,-77.8487,25.55,62,26,8.28,JM,1707249189
370,lompoc,34.6391,-120.4579,14.36,65,75,4.12,US,1707249121
371,quellon,-43.1167,-73.6167,15.13,96,100,7.13,CL,1707249019
372,quiberon,47.4841,-3.1196,12.89,92,95,5.81,FR,1707249278
373,kill devil hills,36.0307,-75.676,7.21,64,0,8.23,US,1707249278
374,pipar,26.3856,73.5378,17.52,37,100,4.11,IN,1707249279
375,odacho-oda,35.1833,132.5,3.43,86,100,1.73,JP,1707249279
376,kununurra,-15.7667,128.7333,25.99,94,16,1.54,AU,1707249279
377,gaspe,48.8334,-64.4819,-1.05,74,20,4.12,CA,1707249279
378,chihuahua,28.5,-106.0,16.46,15,100,4.56,MX,1707248577
379,tolanaro,-25.0319,46.9987,23.04,94,75,11.83,MG,1707249186
380,port-vila,-17.7338,168.3219,24.78,94,75,1.03,VU,1707249280
381,anastacio,-20.4836,-55.8069,27.54,69,100,2.84,BR,1707249280
382,yamethin,20.4333,96.15,20.09,41,0,1.46,MM,1707249280
383,fuling,29.7022,107.3919,6.3,90,100,0.52,CN,1707249168
384,scarborough,54.2797,-0.4044,6.76,73,100,0.45,GB,1707249281
385,gobabis,-22.45,18.9667,23.86,52,38,7.44,NA,1707249148
386,conception bay south,47.4999,-52.9981,0.8,97,100,14.12,CA,1707249281
387,ubari,26.5921,12.7805,12.88,40,0,2.55,LY,1707249281
388,new norfolk,-42.7826,147.0587,12.72,82,93,1.36,AU,1707249281
389,san pedro pochutla,15.7333,-96.4667,28.84,46,7,3.71,MX,1707249282
390,saint-philippe,-21.3585,55.7679,22.77,84,79,6.16,RE,1707249282
391,freetown,8.484,-13.2299,27.84,78,0,3.6,SL,1707249282
392,san rafael,-34.6177,-68.3301,38.47,21,1,7.44,AR,1707249034
393,labytnangi,66.6572,66.4183,-21.9,99,100,1.57,RU,1707249282
394,shahba,32.8551,36.629,6.39,92,20,4.0,SY,1707249283
395,sosua,19.7667,-70.5167,27.95,78,20,0.0,DO,1707249283
396,blackfoot,43.1905,-112.345,6.88,86,100,1.79,US,1707249051
397,sinabang,2.4803,96.3801,26.74,81,64,0.66,ID,1707249080
398,choibalsan,48.0667,114.5,-20.56,92,9,3.43,MN,1707249283
399,burutu,5.3509,5.5076,27.5,74,89,3.8,NG,1707249284
400,kikinda,45.8297,20.4653,9.85,83,95,3.48,RS,1707249284
401,westport,41.1415,-73.3579,6.68,50,0,3.6,US,1707249284
402,smithers,54.7804,-127.1743,-3.82,86,100,1.54,CA,1707249012
403,ziro,27.6333,93.8333,3.03,97,100,0.79,IN,1707249284
404,fiumicino-isola sacra,41.7675,12.2291,13.06,53,40,2.06,IT,1707249285
405,olyokminsk,60.3736,120.4264,-15.91,99,98,1.04,RU,1707249285
406,socorro,31.6546,-106.3033,16.32,29,100,4.63,US,1707249285
407,bestobe,52.4994,73.0975,-5.74,84,99,3.73,KZ,1707249285
408,turpan,42.9333,89.1667,-0.08,54,3,0.32,CN,1707249285
409,kruisfontein,-34.0033,24.7314,21.6,85,47,3.9,ZA,1707249176
410,bac lieu,9.285,105.7244,24.98,88,94,3.22,VN,1707249286
411,okhotsk,59.3833,143.3,-22.81,82,100,3.67,RU,1707249286
412,saint-francois,46.4154,3.9054,7.58,87,100,2.57,FR,1707249286
413,azul,-36.777,-59.8585,38.69,23,86,5.88,AR,1707249286
414,millom,54.2107,-3.272,5.49,77,100,3.93,GB,1707249287
415,kouango,4.9934,19.9619,28.69,26,42,1.25,CF,1707249287
416,guerrero negro,27.9769,-114.0611,15.54,87,100,5.0,MX,1707249287
417,pangody,65.85,74.4859,-19.07,100,82,2.84,RU,1707249287
418,badger,64.8,-147.5333,-17.79,82,75,1.54,US,1707249147
419,asau,46.4333,26.4,11.51,64,100,8.73,RO,1707249288
420,kiama,-34.6833,150.8667,18.33,79,55,1.34,AU,1707249288
421,broken hill,-31.95,141.4333,15.27,49,42,7.04,AU,1707249288
422,karsava,56.7841,27.6883,-5.02,95,100,1.77,LV,1707249288
423,la reforma,25.0833,-108.05,26.82,38,95,5.4,MX,1707249288
424,wangjing,24.6,94.0333,12.52,92,70,0.32,IN,1707249288
425,angaur state,6.906,134.13,26.67,86,100,10.02,PW,1707249289
426,camana,-16.6228,-72.7111,25.84,77,50,2.82,PE,1707249289
427,yokadouma,3.5167,15.05,24.52,31,100,0.92,CM,1707249289
428,russellville,35.2784,-93.1338,16.75,28,0,0.0,US,1707249289
429,seydi,39.4816,62.9137,10.86,45,100,4.96,TM,1707249290
430,parun,35.4207,70.9221,-14.0,85,100,3.69,AF,1707249290
431,caister-on-sea,52.6481,1.7265,9.12,93,100,6.81,GB,1707249290
432,plettenberg bay,-34.0527,23.3716,19.92,88,94,2.76,ZA,1707249290
433,springbok,-29.6643,17.8865,16.79,63,81,3.13,ZA,1707249291
434,vada,51.97,5.6667,12.27,88,100,11.32,NL,1707249291
435,impfondo,1.6381,18.0667,26.92,41,99,0.28,CG,1707249291
436,as sulayyil,20.4607,45.5779,20.14,45,94,5.09,SA,1707249291
437,luang namtha,20.9497,101.4011,14.91,55,0,0.56,LA,1707249291
438,balykchy,42.4557,76.1861,-1.88,55,50,0.42,KG,1707249292
439,ugoofaaru,5.6667,73.0,27.85,71,13,6.31,MV,1707249187
440,bartlesville,36.7473,-95.9808,16.64,44,0,2.06,US,1707249112
441,armacao de buzios,-22.7469,-41.8817,30.09,86,100,4.38,BR,1707249292
442,chengde,40.9725,117.9361,-7.6,65,0,1.95,CN,1707249292
443,yeovil,50.9416,-2.6321,13.21,85,100,6.69,GB,1707249293
444,stephenville,32.2207,-98.2023,18.2,42,0,1.54,US,1707249293
445,lauro de freitas,-12.8944,-38.3272,30.01,66,0,5.14,BR,1707249293
446,ephraim,39.3597,-111.5863,9.89,49,72,5.08,US,1707249293
447,nizhnesortymskiy,62.4397,71.7603,-3.08,95,100,5.11,RU,1707249293
448,ivdel',60.6911,60.4206,-14.34,96,100,3.13,RU,1707249274
449,kapuskasing,49.4169,-82.4331,4.05,87,100,3.09,CA,1707249294
450,george town,5.4112,100.3354,26.97,89,20,1.54,MY,1707249179
451,perry,37.2506,-83.1999,12.1,55,7,3.17,US,1707249295
452,khuzdar,27.7384,66.6434,10.73,71,44,1.18,PK,1707249295
453,tabas,33.5959,56.9244,9.12,31,0,1.03,IR,1707249295
454,kerema,-7.9631,145.7785,25.06,87,100,2.16,PG,1707249208
455,lubumbashi,-11.6609,27.4794,17.01,98,72,1.17,CD,1707249295
456,promyshlennaya,54.9159,85.6385,-5.47,92,89,1.88,RU,1707249296
457,hasaki,35.7333,140.8333,1.27,56,100,7.71,JP,1707249125
458,greenville,35.6127,-77.3663,11.01,44,0,9.77,US,1707249296
459,nishinoomote,30.7333,131.0,14.03,63,100,5.67,JP,1707249296
460,ribeira brava,32.65,-17.0667,19.45,67,68,1.96,PT,1707249296
461,lekeitio,43.3666,-2.5007,11.88,88,33,1.65,ES,1707249297
462,pariaman,-0.619,100.12,27.03,87,98,1.45,ID,1707249297
463,kilindoni,-7.9139,39.6668,28.26,79,7,5.81,TZ,1707249297
464,chingirlau,51.095,54.0814,-0.37,99,100,4.54,KZ,1707249297
465,cooper's town,26.8667,-77.5167,21.24,66,40,12.32,BS,1707249297
466,rakops,-21.0167,24.3333,31.46,26,100,2.06,BW,1707249298
467,seaside,36.6111,-121.8516,13.84,81,75,2.57,US,1707249298
468,mammoth lakes,37.6485,-118.9721,0.7,68,40,1.54,US,1707249252
469,noosa heads,-26.3833,153.15,25.19,85,34,4.97,AU,1707249298
470,rio preto da eva,-2.6994,-59.6997,33.03,53,72,2.02,BR,1707249298
471,cill airne,52.05,-9.5167,6.56,89,100,2.34,IE,1707249299
472,chonchi,-42.6128,-73.8092,18.51,96,100,3.73,CL,1707249299
473,holualoa,19.6228,-155.9522,23.77,67,0,1.54,US,1707249152
474,nabire,-3.3667,135.4833,24.92,88,100,1.19,ID,1707249299
475,ojinaga,29.5667,-104.4167,22.54,28,0,2.57,MX,1707249299
476,paros,37.0833,25.15,16.84,100,5,5.66,GR,1707249299
477,illela,13.7292,5.2975,22.56,15,56,5.15,NG,1707249300
478,east ballina,-28.8667,153.5833,23.22,88,32,4.1,AU,1707249300
479,bharatpur,27.2167,77.4833,11.52,41,63,2.4,IN,1707249300
480,san blas,21.5167,-105.2667,25.8,53,0,3.26,MX,1707249300
481,baardheere,2.3446,42.2764,28.99,60,60,7.69,SO,1707249300
482,farsan,32.2569,50.561,0.02,92,60,2.92,IR,1707249301
483,alofi,-19.0595,-169.9187,26.94,83,99,2.57,NU,1707249202
484,sale,34.0389,-6.8166,11.38,93,0,0.0,MA,1707249301
485,homer,59.6425,-151.5483,-2.33,96,100,2.68,US,1707249178
486,rubtsovsk,51.5,81.25,-12.55,86,89,2.33,RU,1707249301
487,ilomantsi,62.6716,30.9328,-29.01,100,93,1.44,FI,1707249302
488,hassi messaoud,31.6804,6.0729,15.92,36,0,1.03,DZ,1707249302
489,luderitz,-26.6481,15.1594,19.78,81,30,5.54,NA,1707249124
490,labuan,5.2767,115.2417,26.2,94,20,0.0,MY,1707249174
491,selibaby,15.159,-12.1829,30.36,7,0,4.33,MR,1707249302
492,ambon,-3.6954,128.1814,26.71,14,40,3.6,ID,1707249303
493,diyarbakir,37.9158,40.2189,4.99,93,75,0.51,TR,1707249303
494,nadym,65.5333,72.5167,-19.18,100,68,2.93,RU,1707249303
495,saint clair shores,42.497,-82.8888,7.41,67,20,4.63,US,1707249304
496,ulladulla,-35.35,150.4667,14.16,76,9,4.41,AU,1707249298
497,cortland,42.6001,-76.083,4.97,56,0,2.57,US,1707249281
498,hakha,22.65,93.6167,9.78,82,63,1.86,MM,1707249304
499,labrador city,52.9463,-66.9114,-5.05,42,20,1.03,CA,1707249305
500,guixi,28.2886,117.2133,2.82,97,100,1.93,CN,1707249305
501,berdigestyakh,62.0989,126.6992,-23.04,99,100,1.33,RU,1707249308
502,i-n-salah,27.1935,2.4607,16.52,18,29,1.99,DZ,1707249308
503,kirillov,59.863,38.3813,-26.84,100,93,1.22,RU,1707249308
504,buritis,-15.6178,-46.4233,27.94,69,91,2.46,BR,1707249309
505,san luis,-33.295,-66.3356,37.72,22,94,8.98,AR,1707249309
506,pinotepa nacional,16.3167,-98.0167,31.0,44,1,5.23,MX,1707249309
507,hilo,19.7297,-155.09,22.92,85,100,4.63,US,1707249120
508,antonio enes,-16.2325,39.9086,25.96,90,100,1.13,MZ,1707249310
509,turbat,26.0023,63.044,18.74,66,15,1.01,PK,1707249310
510,champerico,14.3,-91.9167,34.3,66,9,6.18,GT,1707249310
511,pyapon,16.2833,95.6833,20.23,74,0,2.63,MM,1707249310
512,cabedelo,-6.9811,-34.8339,31.37,71,37,5.19,BR,1707249261
513,bandarbeyla,9.4942,50.8122,25.05,75,0,6.85,SO,1707249311
514,robertsport,6.7533,-11.3686,27.68,83,0,4.7,LR,1707249311
515,amungan,15.3652,119.9582,24.01,74,2,2.19,PH,1707249311
516,barquisimeto,10.0739,-69.3228,29.35,54,72,4.12,VE,1707249297
517,tralee,52.2704,-9.7026,6.4,88,100,2.47,IE,1707249312
518,podporozh'ye,60.9112,34.1706,-23.52,100,77,1.55,RU,1707249312
519,kachug,53.9606,105.8817,-22.34,100,94,0.14,RU,1707249312
520,dawson creek,55.7666,-120.2362,-7.2,73,75,3.09,CA,1707249312
521,pandan,14.0453,124.1694,24.85,84,96,3.71,PH,1707249312
522,dzhangala,49.2167,50.3333,-3.7,86,100,12.63,KZ,1707249313
523,malango,-2.9627,119.9001,20.13,96,100,1.14,ID,1707249313
524,quatre cocos,-20.2078,57.7625,26.16,75,98,5.71,MU,1707249313
525,pailon,-17.65,-62.75,35.82,31,96,4.56,BO,1707249313
526,chinde,26.8418,88.0763,7.06,73,0,2.08,NP,1707249314
527,huichapan,20.3833,-99.65,22.78,13,1,3.92,MX,1707249314
528,kuanda,56.3161,116.0806,-22.29,99,100,0.7,RU,1707249314
529,dampit,-8.2116,112.7493,21.7,96,100,0.89,ID,1707249155
530,zaozersk,69.4005,32.4476,-19.44,98,91,4.1,RU,1707249315
531,taguatinga,-12.3857,-46.5711,29.35,67,100,1.8,BR,1707249019
532,ciudad lazaro cardenas,17.9583,-102.2,28.88,58,11,3.79,MX,1707249194
533,simanggang,1.2472,111.4528,25.01,94,100,0.0,MY,1707249315
534,al muwayh,22.4333,41.7583,15.86,20,20,7.54,SA,1707249316
535,chebba,35.2372,11.115,16.49,47,84,6.7,TN,1707249316
536,kaihua,23.3687,104.28,13.11,89,75,3.43,CN,1707249316
537,edd,13.9297,41.6925,25.0,80,41,5.02,ER,1707249316
538,moengo,5.6167,-54.4,28.91,74,71,2.91,SR,1707249317
539,cobh,51.8572,-8.2992,5.58,87,75,6.17,IE,1707249317
540,richards bay,-28.783,32.0377,21.71,85,0,2.3,ZA,1707249317
541,levuka,50.1834,-105.4011,-2.15,86,100,3.09,CA,1707249317
542,cambria,35.5641,-121.0808,14.47,84,96,2.68,US,1707249317
543,port augusta,-32.5,137.7667,16.67,52,0,4.19,AU,1707249318
544,port moresby,-9.4431,147.1797,24.71,86,100,2.37,PG,1707249318
545,soufriere,13.8562,-61.0566,29.78,86,40,8.75,LC,1707249318
546,aykhal,66.0,111.5,-28.03,100,100,2.48,RU,1707249319
547,novomyshastovskaya,45.1991,38.5827,7.88,86,100,4.85,RU,1707249319
548,pustoshka,56.3355,29.369,-9.44,99,100,1.28,RU,1707249319
549,hirosaki,40.5931,140.4725,-1.06,92,100,1.62,JP,1707249319
550,kormilovka,55.0026,74.1028,-8.32,90,93,4.49,RU,1707249320
551,ushtobe,45.2514,77.9838,-6.17,81,58,2.42,KZ,1707249320
552,moroni,-11.7022,43.2551,27.96,82,7,4.63,KM,1707249251
553,tyumen,57.1522,65.5272,1.05,93,100,7.0,RU,1707249086
554,luwuk,-0.9516,122.7875,26.07,78,100,1.7,ID,1707249321
555,oras,12.1406,125.4397,24.7,85,30,3.97,PH,1707249321
556,moraleja,40.0162,-6.6977,12.03,87,4,1.63,ES,1707249299
557,myanaung,18.2833,95.3167,21.08,49,0,1.55,MM,1707249321
558,olmos,-5.9847,-79.7453,32.17,45,93,4.18,PE,1707249322
559,saint-joseph,-21.3667,55.6167,22.21,81,69,5.03,RE,1707249322
560,marvejols,44.5538,3.2914,4.46,92,100,1.18,FR,1707249322
561,kalmunai,7.4167,81.8167,25.25,72,77,3.16,LK,1707249184
562,mossel bay,-34.1831,22.146,21.96,82,99,1.82,ZA,1707249228
563,arvayheer,46.2639,102.775,-18.97,86,13,2.66,MN,1707249323
564,bodaybo,57.8506,114.1933,-15.12,98,100,1.33,RU,1707249323
565,sao luiz gonzaga,-28.4083,-54.9608,33.92,43,92,3.59,BR,1707249323
566,tangalle,6.024,80.7911,22.61,87,38,4.37,LK,1707249323
567,kattivakkam,13.2167,80.3167,24.05,78,5,1.38,IN,1707249323
568,penon blanco,24.7897,-104.0369,26.78,7,91,4.46,MX,1707249324
569,santa ana,33.7456,-117.8678,12.29,95,100,2.57,US,1707249099
570,vilyuchinsk,52.9306,158.4028,-8.85,88,100,2.52,RU,1707249324
571,lulea,65.5842,22.1547,-17.96,85,100,0.0,SE,1707249150
572,posto fiscal rolim de moura,-13.0833,-62.2667,34.16,45,100,0.83,BR,1707249324
573,northam,51.0333,-4.2167,13.14,97,100,13.76,GB,1707249325
574,laguna,38.421,-121.4238,14.05,82,75,4.12,US,1707249325
575,claremont,34.0967,-117.7198,10.48,91,75,5.14,US,1707249325
576,ocara,-4.4908,-38.5967,31.22,50,100,6.0,BR,1707249325
577,den burg,53.0542,4.7972,9.96,98,75,5.14,NL,1707249325
578,balkanabat,39.5108,54.3671,6.84,50,98,4.22,TM,1707249326
579,ouadda,8.0777,22.4007,24.23,20,41,3.7,CF,1707249326
580,ambodifotatra,-16.9833,49.85,27.36,77,100,4.85,MG,1707249326
581,iturama,-19.7281,-50.1956,23.8,77,100,3.35,BR,1707249326
582,sumenep,-7.0167,113.8667,24.62,92,100,3.98,ID,1707249326
583,laascaanood,8.4774,47.3597,24.78,30,21,1.77,SO,1707249327
584,estancia,-11.2683,-37.4383,28.74,67,97,4.31,BR,1707249327
585,puerto aysen,-45.4,-72.7,14.1,99,100,1.73,CL,1707249327
